model,config,split,accuracy,precision_hallucinated,recall_hallucinated,f1_hallucinated,f1_not_hallucinated,f1_macro
Logistic Regression,"C=0.1, class_weight=None",validation,0.8042,0.795,0.8085,0.8017,0.8066,0.8041
Logistic Regression,"C=0.1, class_weight=None",test,0.7922,0.742,0.8108,0.7749,0.807,0.7909
Logistic Regression,"C=0.1, class_weight=balanced",validation,0.8,0.7884,0.8085,0.7983,0.8017,0.8
Logistic Regression,"C=0.1, class_weight=balanced",test,0.7905,0.7378,0.8147,0.7743,0.8045,0.7894
Logistic Regression,"C=1.0, class_weight=None",validation,0.8063,0.791,0.8213,0.8058,0.8067,0.8062
Logistic Regression,"C=1.0, class_weight=None",test,0.7905,0.7345,0.8224,0.776,0.8032,0.7896
Logistic Regression,"C=1.0, class_weight=balanced",validation,0.8063,0.791,0.8213,0.8058,0.8067,0.8062
Logistic Regression,"C=1.0, class_weight=balanced",test,0.7905,0.7345,0.8224,0.776,0.8032,0.7896
Logistic Regression,"C=10.0, class_weight=None",validation,0.8063,0.791,0.8213,0.8058,0.8067,0.8062
Logistic Regression,"C=10.0, class_weight=None",test,0.7888,0.7336,0.8185,0.7737,0.8019,0.7878
Logistic Regression,"C=10.0, class_weight=balanced",validation,0.8042,0.7878,0.8213,0.8042,0.8042,0.8042
Logistic Regression,"C=10.0, class_weight=balanced",test,0.7905,0.7345,0.8224,0.776,0.8032,0.7896
Random Forest,"n_estimators=100, max_depth=4, min_samples_leaf=1, class_weight=None",validation,0.8604,0.8621,0.8511,0.8565,0.8641,0.8603
Random Forest,"n_estimators=100, max_depth=4, min_samples_leaf=1, class_weight=None",test,0.7768,0.7443,0.7529,0.7486,0.7994,0.774
Random Forest,"n_estimators=100, max_depth=4, min_samples_leaf=1, class_weight=balanced",validation,0.8438,0.8333,0.8511,0.8421,0.8454,0.8437
Random Forest,"n_estimators=100, max_depth=4, min_samples_leaf=1, class_weight=balanced",test,0.7751,0.7343,0.7683,0.7509,0.795,0.773
Random Forest,"n_estimators=100, max_depth=4, min_samples_leaf=3, class_weight=None",validation,0.8583,0.8615,0.8468,0.8541,0.8623,0.8582
Random Forest,"n_estimators=100, max_depth=4, min_samples_leaf=3, class_weight=None",test,0.7819,0.751,0.7568,0.7538,0.8043,0.7791
Random Forest,"n_estimators=100, max_depth=4, min_samples_leaf=3, class_weight=balanced",validation,0.8438,0.8333,0.8511,0.8421,0.8454,0.8437
Random Forest,"n_estimators=100, max_depth=4, min_samples_leaf=3, class_weight=balanced",test,0.7785,0.7416,0.7645,0.7529,0.7994,0.7761
Random Forest,"n_estimators=100, max_depth=4, min_samples_leaf=5, class_weight=None",validation,0.8562,0.8547,0.8511,0.8529,0.8595,0.8562
Random Forest,"n_estimators=100, max_depth=4, min_samples_leaf=5, class_weight=None",test,0.7819,0.749,0.7606,0.7548,0.8037,0.7792
Random Forest,"n_estimators=100, max_depth=4, min_samples_leaf=5, class_weight=balanced",validation,0.8438,0.8333,0.8511,0.8421,0.8454,0.8437
Random Forest,"n_estimators=100, max_depth=4, min_samples_leaf=5, class_weight=balanced",test,0.7751,0.7343,0.7683,0.7509,0.795,0.773
Random Forest,"n_estimators=100, max_depth=8, min_samples_leaf=1, class_weight=None",validation,0.8625,0.8722,0.8426,0.8571,0.8675,0.8623
Random Forest,"n_estimators=100, max_depth=8, min_samples_leaf=1, class_weight=None",test,0.8041,0.7769,0.7799,0.7784,0.8244,0.8014
Random Forest,"n_estimators=100, max_depth=8, min_samples_leaf=1, class_weight=balanced",validation,0.8604,0.875,0.834,0.854,0.8663,0.8601
Random Forest,"n_estimators=100, max_depth=8, min_samples_leaf=1, class_weight=balanced",test,0.8058,0.7757,0.7876,0.7816,0.8252,0.8034
Random Forest,"n_estimators=100, max_depth=8, min_samples_leaf=3, class_weight=None",validation,0.8583,0.8646,0.8426,0.8534,0.8629,0.8582
Random Forest,"n_estimators=100, max_depth=8, min_samples_leaf=3, class_weight=None",test,0.7956,0.7704,0.7645,0.7674,0.8176,0.7925
Random Forest,"n_estimators=100, max_depth=8, min_samples_leaf=3, class_weight=balanced",validation,0.8604,0.8717,0.8383,0.8547,0.8657,0.8602
Random Forest,"n_estimators=100, max_depth=8, min_samples_leaf=3, class_weight=balanced",test,0.7922,0.7686,0.7568,0.7626,0.8152,0.7889
Random Forest,"n_estimators=100, max_depth=8, min_samples_leaf=5, class_weight=None",validation,0.8667,0.8734,0.8511,0.8621,0.871,0.8665
Random Forest,"n_estimators=100, max_depth=8, min_samples_leaf=5, class_weight=None",test,0.7956,0.7683,0.7683,0.7683,0.8171,0.7927
Random Forest,"n_estimators=100, max_depth=8, min_samples_leaf=5, class_weight=balanced",validation,0.8646,0.8696,0.8511,0.8602,0.8687,0.8645
Random Forest,"n_estimators=100, max_depth=8, min_samples_leaf=5, class_weight=balanced",test,0.8075,0.7829,0.7799,0.7814,0.828,0.8047
Random Forest,"n_estimators=100, max_depth=None, min_samples_leaf=1, class_weight=None",validation,0.8271,0.8393,0.8,0.8192,0.8343,0.8268
Random Forest,"n_estimators=100, max_depth=None, min_samples_leaf=1, class_weight=None",test,0.7922,0.7665,0.7606,0.7636,0.8146,0.7891
Random Forest,"n_estimators=100, max_depth=None, min_samples_leaf=1, class_weight=balanced",validation,0.8354,0.8482,0.8085,0.8279,0.8423,0.8351
Random Forest,"n_estimators=100, max_depth=None, min_samples_leaf=1, class_weight=balanced",test,0.7922,0.7665,0.7606,0.7636,0.8146,0.7891
Random Forest,"n_estimators=100, max_depth=None, min_samples_leaf=3, class_weight=None",validation,0.8479,0.8584,0.8255,0.8416,0.8537,0.8477
Random Forest,"n_estimators=100, max_depth=None, min_samples_leaf=3, class_weight=None",test,0.7836,0.7538,0.7568,0.7553,0.8061,0.7807
Random Forest,"n_estimators=100, max_depth=None, min_samples_leaf=3, class_weight=balanced",validation,0.8542,0.8667,0.8298,0.8478,0.86,0.8539
Random Forest,"n_estimators=100, max_depth=None, min_samples_leaf=3, class_weight=balanced",test,0.7871,0.7617,0.7529,0.7573,0.8103,0.7838
Random Forest,"n_estimators=100, max_depth=None, min_samples_leaf=5, class_weight=None",validation,0.8708,0.8811,0.8511,0.8658,0.8755,0.8707
Random Forest,"n_estimators=100, max_depth=None, min_samples_leaf=5, class_weight=None",test,0.7922,0.7645,0.7645,0.7645,0.814,0.7893
Random Forest,"n_estimators=100, max_depth=None, min_samples_leaf=5, class_weight=balanced",validation,0.8479,0.8522,0.834,0.843,0.8525,0.8478
Random Forest,"n_estimators=100, max_depth=None, min_samples_leaf=5, class_weight=balanced",test,0.7888,0.7586,0.7645,0.7615,0.8104,0.786
Random Forest,"n_estimators=300, max_depth=4, min_samples_leaf=1, class_weight=None",validation,0.8646,0.8696,0.8511,0.8602,0.8687,0.8645
Random Forest,"n_estimators=300, max_depth=4, min_samples_leaf=1, class_weight=None",test,0.7853,0.7588,0.7529,0.7558,0.8085,0.7822
Random Forest,"n_estimators=300, max_depth=4, min_samples_leaf=1, class_weight=balanced",validation,0.8562,0.8547,0.8511,0.8529,0.8595,0.8562
Random Forest,"n_estimators=300, max_depth=4, min_samples_leaf=1, class_weight=balanced",test,0.7819,0.7453,0.7683,0.7567,0.8025,0.7796
Random Forest,"n_estimators=300, max_depth=4, min_samples_leaf=3, class_weight=None",validation,0.8625,0.869,0.8468,0.8578,0.8669,0.8623
Random Forest,"n_estimators=300, max_depth=4, min_samples_leaf=3, class_weight=None",test,0.7836,0.7558,0.7529,0.7544,0.8067,0.7805
Random Forest,"n_estimators=300, max_depth=4, min_samples_leaf=3, class_weight=balanced",validation,0.8604,0.8621,0.8511,0.8565,0.8641,0.8603
Random Forest,"n_estimators=300, max_depth=4, min_samples_leaf=3, class_weight=balanced",test,0.7819,0.7472,0.7645,0.7557,0.8031,0.7794
Random Forest,"n_estimators=300, max_depth=4, min_samples_leaf=5, class_weight=None",validation,0.8646,0.8696,0.8511,0.8602,0.8687,0.8645
Random Forest,"n_estimators=300, max_depth=4, min_samples_leaf=5, class_weight=None",test,0.7853,0.7568,0.7568,0.7568,0.8079,0.7823
Random Forest,"n_estimators=300, max_depth=4, min_samples_leaf=5, class_weight=balanced",validation,0.8562,0.8547,0.8511,0.8529,0.8595,0.8562
Random Forest,"n_estimators=300, max_depth=4, min_samples_leaf=5, class_weight=balanced",test,0.7802,0.7425,0.7683,0.7552,0.8006,0.7779
Random Forest,"n_estimators=300, max_depth=8, min_samples_leaf=1, class_weight=None",validation,0.8625,0.8722,0.8426,0.8571,0.8675,0.8623
Random Forest,"n_estimators=300, max_depth=8, min_samples_leaf=1, class_weight=None",test,0.799,0.7765,0.7645,0.7704,0.8212,0.7958
Random Forest,"n_estimators=300, max_depth=8, min_samples_leaf=1, class_weight=balanced",validation,0.8625,0.8756,0.8383,0.8565,0.868,0.8623
Random Forest,"n_estimators=300, max_depth=8, min_samples_leaf=1, class_weight=balanced",test,0.8007,0.7731,0.7761,0.7746,0.8214,0.798
Random Forest,"n_estimators=300, max_depth=8, min_samples_leaf=3, class_weight=None",validation,0.8625,0.8722,0.8426,0.8571,0.8675,0.8623
Random Forest,"n_estimators=300, max_depth=8, min_samples_leaf=3, class_weight=None",test,0.8058,0.7843,0.7722,0.7782,0.8273,0.8027
Random Forest,"n_estimators=300, max_depth=8, min_samples_leaf=3, class_weight=balanced",validation,0.8625,0.869,0.8468,0.8578,0.8669,0.8623
Random Forest,"n_estimators=300, max_depth=8, min_samples_leaf=3, class_weight=balanced",test,0.799,0.7743,0.7683,0.7713,0.8207,0.796
Random Forest,"n_estimators=300, max_depth=8, min_samples_leaf=5, class_weight=None",validation,0.8708,0.8777,0.8553,0.8664,0.875,0.8707
Random Forest,"n_estimators=300, max_depth=8, min_samples_leaf=5, class_weight=None",test,0.7973,0.7734,0.7645,0.7689,0.8194,0.7942
Random Forest,"n_estimators=300, max_depth=8, min_samples_leaf=5, class_weight=balanced",validation,0.8646,0.8664,0.8553,0.8608,0.8682,0.8645
Random Forest,"n_estimators=300, max_depth=8, min_samples_leaf=5, class_weight=balanced",test,0.799,0.7722,0.7722,0.7722,0.8201,0.7962
Random Forest,"n_estimators=300, max_depth=None, min_samples_leaf=1, class_weight=None",validation,0.8333,0.8444,0.8085,0.8261,0.84,0.833
Random Forest,"n_estimators=300, max_depth=None, min_samples_leaf=1, class_weight=None",test,0.7939,0.7695,0.7606,0.765,0.8164,0.7907
Random Forest,"n_estimators=300, max_depth=None, min_samples_leaf=1, class_weight=balanced",validation,0.8438,0.854,0.8213,0.8373,0.8497,0.8435
Random Forest,"n_estimators=300, max_depth=None, min_samples_leaf=1, class_weight=balanced",test,0.8007,0.7795,0.7645,0.7719,0.823,0.7975
Random Forest,"n_estimators=300, max_depth=None, min_samples_leaf=3, class_weight=None",validation,0.8396,0.8465,0.8213,0.8337,0.8451,0.8394
Random Forest,"n_estimators=300, max_depth=None, min_samples_leaf=3, class_weight=None",test,0.7905,0.7615,0.7645,0.763,0.8122,0.7876
Random Forest,"n_estimators=300, max_depth=None, min_samples_leaf=3, class_weight=balanced",validation,0.8417,0.8502,0.8213,0.8355,0.8474,0.8414
Random Forest,"n_estimators=300, max_depth=None, min_samples_leaf=3, class_weight=balanced",test,0.7905,0.7615,0.7645,0.763,0.8122,0.7876
Random Forest,"n_estimators=300, max_depth=None, min_samples_leaf=5, class_weight=None",validation,0.8604,0.8684,0.8426,0.8553,0.8652,0.8602
Random Forest,"n_estimators=300, max_depth=None, min_samples_leaf=5, class_weight=None",test,0.7939,0.7674,0.7645,0.766,0.8158,0.7909
Random Forest,"n_estimators=300, max_depth=None, min_samples_leaf=5, class_weight=balanced",validation,0.8646,0.8664,0.8553,0.8608,0.8682,0.8645
Random Forest,"n_estimators=300, max_depth=None, min_samples_leaf=5, class_weight=balanced",test,0.7905,0.7615,0.7645,0.763,0.8122,0.7876
Gradient Boosting,"n_estimators=100, learning_rate=0.03, max_depth=2",validation,0.8583,0.8711,0.834,0.8522,0.864,0.8581
Gradient Boosting,"n_estimators=100, learning_rate=0.03, max_depth=2",test,0.7939,0.7851,0.7336,0.7585,0.8202,0.7893
Gradient Boosting,"n_estimators=100, learning_rate=0.03, max_depth=3",validation,0.8583,0.8711,0.834,0.8522,0.864,0.8581
Gradient Boosting,"n_estimators=100, learning_rate=0.03, max_depth=3",test,0.8143,0.7885,0.7915,0.79,0.8336,0.8118
Gradient Boosting,"n_estimators=100, learning_rate=0.05, max_depth=2",validation,0.8562,0.864,0.8383,0.851,0.8612,0.8561
Gradient Boosting,"n_estimators=100, learning_rate=0.05, max_depth=2",test,0.7853,0.7692,0.7336,0.751,0.8114,0.7812
Gradient Boosting,"n_estimators=100, learning_rate=0.05, max_depth=3",validation,0.8604,0.8652,0.8468,0.8559,0.8646,0.8603
Gradient Boosting,"n_estimators=100, learning_rate=0.05, max_depth=3",test,0.816,0.7893,0.7954,0.7923,0.8349,0.8136
Gradient Boosting,"n_estimators=100, learning_rate=0.1, max_depth=2",validation,0.8375,0.8312,0.8383,0.8347,0.8402,0.8375
Gradient Boosting,"n_estimators=100, learning_rate=0.1, max_depth=2",test,0.7939,0.7828,0.7375,0.7594,0.8197,0.7896
Gradient Boosting,"n_estimators=100, learning_rate=0.1, max_depth=3",validation,0.85,0.8559,0.834,0.8448,0.8548,0.8498
Gradient Boosting,"n_estimators=100, learning_rate=0.1, max_depth=3",test,0.8024,0.7782,0.7722,0.7752,0.8237,0.7995
Gradient Boosting,"n_estimators=150, learning_rate=0.03, max_depth=2",validation,0.8542,0.8634,0.834,0.8485,0.8594,0.854
Gradient Boosting,"n_estimators=150, learning_rate=0.03, max_depth=2",test,0.7853,0.7692,0.7336,0.751,0.8114,0.7812
Gradient Boosting,"n_estimators=150, learning_rate=0.03, max_depth=3",validation,0.8625,0.869,0.8468,0.8578,0.8669,0.8623
Gradient Boosting,"n_estimators=150, learning_rate=0.03, max_depth=3",test,0.816,0.7893,0.7954,0.7923,0.8349,0.8136
Gradient Boosting,"n_estimators=150, learning_rate=0.05, max_depth=2",validation,0.8438,0.8448,0.834,0.8394,0.8479,0.8436
Gradient Boosting,"n_estimators=150, learning_rate=0.05, max_depth=2",test,0.7905,0.7787,0.7336,0.7555,0.8167,0.7861
Gradient Boosting,"n_estimators=150, learning_rate=0.05, max_depth=3",validation,0.85,0.8468,0.8468,0.8468,0.8531,0.8499
Gradient Boosting,"n_estimators=150, learning_rate=0.05, max_depth=3",test,0.816,0.7893,0.7954,0.7923,0.8349,0.8136
Gradient Boosting,"n_estimators=150, learning_rate=0.1, max_depth=2",validation,0.8271,0.822,0.8255,0.8238,0.8303,0.827
Gradient Boosting,"n_estimators=150, learning_rate=0.1, max_depth=2",test,0.7871,0.7746,0.7297,0.7515,0.8137,0.7826
Gradient Boosting,"n_estimators=150, learning_rate=0.1, max_depth=3",validation,0.8542,0.8603,0.8383,0.8491,0.8589,0.854
Gradient Boosting,"n_estimators=150, learning_rate=0.1, max_depth=3",test,0.7939,0.7717,0.7568,0.7641,0.8169,0.7905
Gradient Boosting,"n_estimators=250, learning_rate=0.03, max_depth=2",validation,0.8417,0.8442,0.8298,0.8369,0.8462,0.8415
Gradient Boosting,"n_estimators=250, learning_rate=0.03, max_depth=2",test,0.7956,0.786,0.7375,0.761,0.8214,0.7912
Gradient Boosting,"n_estimators=250, learning_rate=0.03, max_depth=3",validation,0.8604,0.859,0.8553,0.8571,0.8635,0.8603
Gradient Boosting,"n_estimators=250, learning_rate=0.03, max_depth=3",test,0.816,0.7915,0.7915,0.7915,0.8354,0.8134
Gradient Boosting,"n_estimators=250, learning_rate=0.05, max_depth=2",validation,0.8292,0.8228,0.8298,0.8263,0.832,0.8291
Gradient Boosting,"n_estimators=250, learning_rate=0.05, max_depth=2",test,0.7819,0.761,0.7375,0.749,0.8072,0.7781
Gradient Boosting,"n_estimators=250, learning_rate=0.05, max_depth=3",validation,0.8479,0.8522,0.834,0.843,0.8525,0.8478
Gradient Boosting,"n_estimators=250, learning_rate=0.05, max_depth=3",test,0.8075,0.7808,0.7838,0.7823,0.8275,0.8049
Gradient Boosting,"n_estimators=250, learning_rate=0.1, max_depth=2",validation,0.825,0.8297,0.8085,0.819,0.8306,0.8248
Gradient Boosting,"n_estimators=250, learning_rate=0.1, max_depth=2",test,0.7922,0.7729,0.749,0.7608,0.8163,0.7885
Gradient Boosting,"n_estimators=250, learning_rate=0.1, max_depth=3",validation,0.8479,0.8584,0.8255,0.8416,0.8537,0.8477
Gradient Boosting,"n_estimators=250, learning_rate=0.1, max_depth=3",test,0.7888,0.7647,0.7529,0.7588,0.8121,0.7854
